,CRASH_RECORD_ID,CRASH_DATE_EST_I,CRASH_DATE,POSTED_SPEED_LIMIT,TRAFFIC_CONTROL_DEVICE,DEVICE_CONDITION,WEATHER_CONDITION,LIGHTING_CONDITION,FIRST_CRASH_TYPE,TRAFFICWAY_TYPE,LANE_CNT,ALIGNMENT,ROADWAY_SURFACE_COND,ROAD_DEFECT,REPORT_TYPE,CRASH_TYPE,INTERSECTION_RELATED_I,NOT_RIGHT_OF_WAY_I,HIT_AND_RUN_I,DAMAGE,DATE_POLICE_NOTIFIED,PRIM_CONTRIBUTORY_CAUSE,SEC_CONTRIBUTORY_CAUSE,STREET_NO,STREET_DIRECTION,STREET_NAME,BEAT_OF_OCCURRENCE,PHOTOS_TAKEN_I,STATEMENTS_TAKEN_I,DOORING_I,WORK_ZONE_I,WORK_ZONE_TYPE,WORKERS_PRESENT_I,NUM_UNITS,MOST_SEVERE_INJURY,INJURIES_TOTAL,INJURIES_FATAL,INJURIES_INCAPACITATING,INJURIES_NON_INCAPACITATING,INJURIES_REPORTED_NOT_EVIDENT,INJURIES_NO_INDICATION,INJURIES_UNKNOWN,CRASH_HOUR,CRASH_DAY_OF_WEEK,CRASH_MONTH,LATITUDE,LONGITUDE,LOCATION
0,6c1659069e9c6285a650e70d6f9b574ed5f64c12888479093dfeef179c0344ec6d2057eae224b5c0d5dfc278c0a237f8c22543f07fdef2e4a95a3849871c9345,,08/18/2023 12:50:00 PM,15,OTHER,FUNCTIONING PROPERLY,CLEAR,DAYLIGHT,REAR END,OTHER,,STRAIGHT AND LEVEL,DRY,NO DEFECTS,ON SCENE,INJURY AND / OR TOW DUE TO CRASH,,,,"OVER $1,500",08/18/2023 12:55:00 PM,FOLLOWING TOO CLOSELY,DISTRACTION - FROM INSIDE VEHICLE,700,W,OHARE ST,1654.0,,,,,,,2,NONINCAPACITATING INJURY,1.0,0.0,0.0,1.0,0.0,1.0,0.0,12,6,8,,,
1,5f54a59fcb087b12ae5b1acff96a3caf4f2d37e79f8db4106558b34b8a6d2b81af02cf91b576ecd7ced08ffd10fcfd940a84f7613125b89d33636e6075064e22,,07/29/2023 02:45:00 PM,30,TRAFFIC SIGNAL,FUNCTIONING PROPERLY,CLEAR,DAYLIGHT,PARKED MOTOR VEHICLE,DIVIDED - W/MEDIAN (NOT RAISED),,STRAIGHT AND LEVEL,DRY,NO DEFECTS,ON SCENE,NO INJURY / DRIVE AWAY,,,Y,"OVER $1,500",07/29/2023 02:45:00 PM,FAILING TO REDUCE SPEED TO AVOID CRASH,"OPERATING VEHICLE IN ERRATIC, RECKLESS, CARELESS, NEGLIGENT OR AGGRESSIVE MANNER",2101,S,ASHLAND AVE,1235.0,,,,,,,4,NO INDICATION OF INJURY,0.0,0.0,0.0,0.0,0.0,1.0,0.0,14,7,7,41.854120263,-87.665902343,POINT (-87.665902342962 41.854120262952)
2,61fcb8c1eb522a6469b460e2134df3d15f82e81fd93e9cafd3dc7e631b9e1ba8b450a63af12bd90d1d2d9b127ea287f88d32e138a4eeba17799f536c08048934,,08/18/2023 05:58:00 PM,30,NO CONTROLS,NO CONTROLS,CLEAR,DAYLIGHT,PEDALCYCLIST,NOT DIVIDED,,STRAIGHT AND LEVEL,DRY,NO DEFECTS,ON SCENE,INJURY AND / OR TOW DUE TO CRASH,,,,"$501 - $1,500",08/18/2023 06:01:00 PM,FAILING TO REDUCE SPEED TO AVOID CRASH,UNABLE TO DETERMINE,3422,N,LONG AVE,1633.0,,,,,,,2,NONINCAPACITATING INJURY,1.0,0.0,0.0,1.0,0.0,1.0,0.0,17,6,8,41.942975745,-87.761883497,POINT (-87.761883496974 41.942975745006)
3,004cd14d0303a9163aad69a2d7f341b7da2a8572b2ab3378594bfae8ac53dcb604dd8d414f93c290b55862f9f2517ad32e6209cbc8034c2e26eb3c2bc9724390,,11/26/2019 08:38:00 AM,25,NO CONTROLS,NO CONTROLS,CLEAR,DAYLIGHT,PEDESTRIAN,ONE-WAY,,CURVE ON GRADE,DRY,NO DEFECTS,ON SCENE,INJURY AND / OR TOW DUE TO CRASH,,,,"OVER $1,500",11/26/2019 08:38:00 AM,UNABLE TO DETERMINE,NOT APPLICABLE,5,W,TERMINAL ST,1655.0,Y,Y,,,,,2,FATAL,1.0,1.0,0.0,0.0,0.0,1.0,0.0,8,3,11,,,
4,a1d5f0ea90897745365a4cbb06cc60329a120d89753fac2b02d69c9685d9cf7c763870a60abd01484a39ed1e6c09b1ba59f38214c03a83cccde1247f794e0287,,08/18/2023 10:45:00 AM,20,NO CONTROLS,NO CONTROLS,CLEAR,DAYLIGHT,FIXED OBJECT,OTHER,,STRAIGHT AND LEVEL,DRY,NO DEFECTS,ON SCENE,NO INJURY / DRIVE AWAY,,,,"OVER $1,500",08/18/2023 10:48:00 AM,FOLLOWING TOO CLOSELY,DRIVING SKILLS/KNOWLEDGE/EXPERIENCE,3,W,TERMINAL ST,1653.0,,,,,,,1,NO INDICATION OF INJURY,0.0,0.0,0.0,0.0,0.0,1.0,0.0,10,6,8,,,
5,b236c77d59e32b7b469a6e2f17f438b7457e1bd8bc689b14cb4f5b1590cbe784f2b9e554b41925797251cbd3e93a3f4a131d1923b327673d441ae79c052f79c2,,07/29/2023 01:00:00 PM,30,TRAFFIC SIGNAL,FUNCTIONING PROPERLY,CLEAR,DAYLIGHT,TURNING,NOT DIVIDED,,STRAIGHT AND LEVEL,UNKNOWN,UNKNOWN,NOT ON SCENE (DESK REPORT),NO INJURY / DRIVE AWAY,Y,,,"$501 - $1,500",07/29/2023 01:46:00 PM,UNABLE TO DETERMINE,UNABLE TO DETERMINE,1732,N,LA SALLE DR,1814.0,,,,,,,2,NO INDICATION OF INJURY,0.0,0.0,0.0,0.0,0.0,3.0,0.0,13,7,7,,,
6,35156ce97cab22747495e92e8bbb16c57e0e60dc3ce6d1f1852f2f7cece07c7ae825b073b286b1da52dfa58082ff6d763ecf1f13f06a223c7aed2b6c1e8c5972,,02/06/2023 05:30:00 PM,30,NO CONTROLS,NO CONTROLS,CLEAR,"DARKNESS, LIGHTED ROAD",REAR END,ONE-WAY,,"CURVE, LEVEL",DRY,NO DEFECTS,ON SCENE,NO INJURY / DRIVE AWAY,,,,"$501 - $1,500",02/06/2023 05:35:00 PM,UNABLE TO DETERMINE,UNABLE TO DETERMINE,2,W,TERMINAL ST,1652.0,,,,,,,2,NO INDICATION OF INJURY,0.0,0.0,0.0,0.0,0.0,2.0,0.0,17,2,2,,,
7,0e208d23344f0d1b3a9fcd4bb07676a750ddb73c397b5c398a33743fd0d49b8ce737c7740b1a77cdaebd61e8e79bddb284452d744b16668f9777f256eec28ff5,,08/13/2023 01:30:00 PM,35,NO CONTROLS,FUNCTIONING PROPERLY,CLEAR,DAYLIGHT,ANGLE,OTHER,,STRAIGHT AND LEVEL,DRY,NO DEFECTS,NOT ON SCENE (DESK REPORT),NO INJURY / DRIVE AWAY,,,,"OVER $1,500",08/13/2023 07:40:00 PM,IMPROPER BACKING,UNABLE TO DETERMINE,9000,S,PROSPECT AVE,2221.0,,,,,,,2,NO INDICATION OF INJURY,0.0,0.0,0.0,0.0,0.0,2.0,0.0,13,1,8,,,
8,14386daec6219c6032b71612b28f0e4cd38e2898f39aae84deeb4efaf165253548cb27cb90088b2d4f9d3e484aa1e7f5076969da4d3b8137a43a3dc94536ac19,,08/13/2023 12:11:00 AM,30,TRAFFIC SIGNAL,FUNCTIONING PROPERLY,CLEAR,"DARKNESS, LIGHTED ROAD",TURNING,FOUR WAY,,STRAIGHT AND LEVEL,DRY,NO DEFECTS,ON SCENE,NO INJURY / DRIVE AWAY,Y,,,"OVER $1,500",08/13/2023 12:11:00 AM,IMPROPER TURNING/NO SIGNAL,UNABLE TO DETERMINE,5900,S,WENTWORTH AVE,232.0,,,,,,,2,NO INDICATION OF INJURY,0.0,0.0,0.0,0.0,0.0,2.0,0.0,0,1,8,,,
9,359bf9f5872d646bb63576e55b1e0b480dc93c2b935ab571dc26ddb48b7a328fbfe130ae70bbff9f03787041b6fb029ba02529da9a1f57494e385ec0e13ed834,,01/31/2022 07:45:00 PM,25,NO CONTROLS,NO CONTROLS,CLEAR,DARKNESS,REAR END,ONE-WAY,,STRAIGHT AND LEVEL,DRY,NO DEFECTS,NOT ON SCENE (DESK REPORT),NO INJURY / DRIVE AWAY,,,Y,"$501 - $1,500",01/31/2022 07:58:00 PM,NOT APPLICABLE,NOT APPLICABLE,4546,W,GLADYS AVE,1131.0,,,,,,,2,NO INDICATION OF INJURY,0.0,0.0,0.0,0.0,0.0,5.0,0.0,19,2,1,,,
10,36360857c079418cba1b1d70cf653595bbfb4566de8fcb4fff284d6ec2ef9eee82b949759fd83f4ba3df857fed548f769780b036df6ada65aa935b6c669cec53,Y,01/01/2022 04:32:00 PM,10,NO CONTROLS,NO CONTROLS,SNOW,"DARKNESS, LIGHTED ROAD",ANGLE,PARKING LOT,,STRAIGHT AND LEVEL,SNOW OR SLUSH,NO DEFECTS,ON SCENE,NO INJURY / DRIVE AWAY,,,,"$501 - $1,500",01/01/2022 04:32:00 PM,WEATHER,NOT APPLICABLE,1,W,PARKING LOT E ST,1654.0,,,,,,,2,NO INDICATION OF INJURY,0.0,0.0,0.0,0.0,0.0,2.0,0.0,16,7,1,,,
11,9e405b05680e0cb67ca12f910d982fcba7937ee61c83631be36aa957d8ec704314634492213decd6989adb7c5e8a4a5d27d33dee0a5c3ac6882fbc9412825989,,09/20/2023 11:00:00 AM,25,NO CONTROLS,NO CONTROLS,CLEAR,DAYLIGHT,SIDESWIPE SAME DIRECTION,PARKING LOT,,STRAIGHT AND LEVEL,DRY,NO DEFECTS,NOT ON SCENE (DESK REPORT),NO INJURY / DRIVE AWAY,,,,"$501 - $1,500",09/20/2023 11:20:00 AM,IMPROPER OVERTAKING/PASSING,UNABLE TO DETERMINE,10255,W,BALMORAL AVE,1654.0,,,,,,,2,NO INDICATION OF INJURY,0.0,0.0,0.0,0.0,0.0,2.0,0.0,11,4,9,,,
12,2cb686b41c122f94972f317da3d0f8e41bb56ee4b521f6fe7f1602906d24a8cda11b76a3e32a88f91863447ceeb64c79eaf644dbe6cc85d994c28bfe61da488d,,10/09/2023 07:15:00 AM,15,NO CONTROLS,NO CONTROLS,CLEAR,DAYLIGHT,SIDESWIPE SAME DIRECTION,OTHER,,STRAIGHT AND LEVEL,DRY,NO DEFECTS,ON SCENE,NO INJURY / DRIVE AWAY,,,,"OVER $1,500",10/09/2023 07:20:00 AM,UNABLE TO DETERMINE,NOT APPLICABLE,1,W,TERMINAL ST,1651.0,,,,,,,2,NO INDICATION OF INJURY,0.0,0.0,0.0,0.0,0.0,2.0,0.0,7,2,10,,,
13,fd05285e9d273fe20cbbebf84794045828a2ba589073b6c92a05f7656d6a31172e5e79847caf4c04f3bebf91ed7f2cab1a871cf53690f71f3d940f839a1c8fc4,,07/29/2023 02:30:00 PM,10,NO CONTROLS,NO CONTROLS,UNKNOWN,UNKNOWN,ANGLE,PARKING LOT,,STRAIGHT AND LEVEL,UNKNOWN,UNKNOWN,NOT ON SCENE (DESK REPORT),NO INJURY / DRIVE AWAY,,,Y,"$501 - $1,500",08/03/2023 01:55:00 PM,UNABLE TO DETERMINE,NOT APPLICABLE,1320,E,47TH ST,222.0,,,,,,,2,NO INDICATION OF INJURY,0.0,0.0,0.0,0.0,0.0,2.0,0.0,14,7,7,41.809781151,-87.594212812,POINT (-87.594212812011 41.809781151018)
14,fda2491d33ac819033f4aaa7ed901120f2f6785b7e5bbbbf99eb6d56847d5de207d7697261a182f12a2a47fbeb3fbaa5c3c767d3ac099675e65e09f345b7e7f4,,07/29/2023 12:50:00 AM,30,TRAFFIC SIGNAL,FUNCTIONING PROPERLY,CLEAR,DARKNESS,SIDESWIPE OPPOSITE DIRECTION,NOT DIVIDED,,STRAIGHT AND LEVEL,UNKNOWN,UNKNOWN,,NO INJURY / DRIVE AWAY,,,Y,"OVER $1,500",07/29/2023 07:00:00 PM,UNABLE TO DETERMINE,NOT APPLICABLE,999,N,CALIFORNIA AVE,1211.0,,,,,,,2,NO INDICATION OF INJURY,0.0,0.0,0.0,0.0,0.0,2.0,0.0,0,7,7,41.899224596,-87.696642375,POINT (-87.696642374961 41.899224596015)
15,436cf5c475779879e882928e0576f67481478de079b3216266c8c9fa019c319868b30d97ec6394d28de860b92e2d5d1d51e89fd74b936e85f5e2d06330c84953,,09/20/2023 12:35:00 PM,20,NO CONTROLS,NO CONTROLS,CLEAR,DAYLIGHT,REAR END,ONE-WAY,,STRAIGHT AND LEVEL,DRY,NO DEFECTS,ON SCENE,NO INJURY / DRIVE AWAY,,,,"$501 - $1,500",09/20/2023 12:35:00 PM,UNABLE TO DETERMINE,UNABLE TO DETERMINE,2,W,TERMINAL ST,1652.0,,,,,,,2,NO INDICATION OF INJURY,0.0,0.0,0.0,0.0,0.0,2.0,0.0,12,4,9,,,
16,21fc8875b67ba81192688efdf1fb8112cfd24fe64e0a98cb050fefa03201fd67810d684e63fc98fc48d5db668fd3b7c89bada3046d7077949fbbb0924e9fc458,Y,09/20/2023 04:45:00 PM,20,NO CONTROLS,NO CONTROLS,CLEAR,DAYLIGHT,SIDESWIPE OPPOSITE DIRECTION,ONE-WAY,,STRAIGHT AND LEVEL,DRY,NO DEFECTS,ON SCENE,NO INJURY / DRIVE AWAY,,,Y,"OVER $1,500",09/20/2023 04:55:00 PM,UNABLE TO DETERMINE,NOT APPLICABLE,5,W,TERMINAL ST,1655.0,,,,,,,2,NO INDICATION OF INJURY,0.0,0.0,0.0,0.0,0.0,2.0,0.0,16,4,9,,,
17,8e0113a690bbc2a3b0c6633cb8bca29168769713814a8724094dbcfcf86e4cd56cb2bff9197069c6e6d650d40a06a3b49435986cd9cea109c148ae9053c88350,,09/20/2023 09:15:00 PM,10,STOP SIGN/FLASHER,FUNCTIONING PROPERLY,CLEAR,"DARKNESS, LIGHTED ROAD",TURNING,PARKING LOT,,"CURVE, LEVEL",DRY,NO DEFECTS,ON SCENE,NO INJURY / DRIVE AWAY,,Y,,"OVER $1,500",09/20/2023 09:30:00 PM,DRIVING SKILLS/KNOWLEDGE/EXPERIENCE,DRIVING SKILLS/KNOWLEDGE/EXPERIENCE,1,W,PARKING LOT E ST,1654.0,,,,,,,2,NO INDICATION OF INJURY,0.0,0.0,0.0,0.0,0.0,2.0,0.0,21,4,9,,,
18,37a215843a67b9d2118972242e0ab68232583ffe20401f100ee4de7b8087481f8094ebd7ad6468417477c1b82dec3081b52b429cad17b9954f1ac390e4b5d705,,10/18/2020 03:58:00 PM,35,NO CONTROLS,NO CONTROLS,RAIN,DAYLIGHT,FIXED OBJECT,DIVIDED - W/MEDIAN BARRIER,,"CURVE, LEVEL",WET,NO DEFECTS,ON SCENE,INJURY AND / OR TOW DUE TO CRASH,,,,"OVER $1,500",10/18/2020 04:22:00 PM,WEATHER,NOT APPLICABLE,3499,E,89TH ST,424.0,,,,,,,1,NO INDICATION OF INJURY,0.0,0.0,0.0,0.0,0.0,1.0,0.0,15,1,10,,,
19,3b6d23138e3f009e54ae5ef25061e9e96fe44fd0e62afa71574bb0e8dc01a37770b93f081a7b4241b8d7b1869deafdeb6b143c4ac76ec01e61ba8a7d9c1494d4,,12/09/2021 10:30:00 AM,25,TRAFFIC SIGNAL,FUNCTIONING PROPERLY,CLEAR,DAYLIGHT,REAR END,T-INTERSECTION,,STRAIGHT AND LEVEL,DRY,NO DEFECTS,ON SCENE,NO INJURY / DRIVE AWAY,Y,,,"$501 - $1,500",12/09/2021 10:35:00 AM,FOLLOWING TOO CLOSELY,UNABLE TO DETERMINE,850,W,OHARE ST,1654.0,,,,,,,3,NO INDICATION OF INJURY,0.0,0.0,0.0,0.0,0.0,3.0,0.0,10,5,12,,,
20,161ff459c7fff8e1359204d1c54db502674fdfbf7036a921e4f939bbd1cda22d7fbb9b186bacaa543131555188baeb7e13fabf1d5f837febd13c10314ff30cb5,Y,09/20/2023 12:57:00 PM,15,NO CONTROLS,NO CONTROLS,CLEAR,DAYLIGHT,REAR TO SIDE,PARKING LOT,,STRAIGHT AND LEVEL,DRY,NO DEFECTS,NOT ON SCENE (DESK REPORT),NO INJURY / DRIVE AWAY,,,Y,"OVER $1,500",09/20/2023 04:00:00 PM,IMPROPER BACKING,NOT APPLICABLE,8300,S,STONY ISLAND AVE,412.0,,,,,,,2,NO INDICATION OF INJURY,0.0,0.0,0.0,0.0,0.0,2.0,0.0,12,4,9,41.744151639,-87.585945067,POINT (-87.585945066953 41.744151639042)
21,3facd2ed99a27da2f5572605b9434167a6fa7777243e0481380665a1fb795baf659dfe7708c09ef515e707dfcfed73b8ee78930563049f97099a7671dc9d0b53,,09/27/2019 06:00:00 PM,30,NO CONTROLS,NO CONTROLS,RAIN,DUSK,PEDESTRIAN,FOUR WAY,,STRAIGHT AND LEVEL,WET,NO DEFECTS,ON SCENE,INJURY AND / OR TOW DUE TO CRASH,,,,"OVER $1,500",09/27/2019 06:00:00 PM,FAILING TO REDUCE SPEED TO AVOID CRASH,NOT APPLICABLE,2517,S,CALIFORNIA AVE,1034.0,,,,,,,2,NONINCAPACITATING INJURY,1.0,0.0,0.0,1.0,0.0,1.0,0.0,18,6,9,,,
22,c1d7fc960fb09d4a725da4a931e551a71df5e352cb491d0d8254570046cb7f37f4b72c97920031f279488199fdffd836165c23fc810097269c0001551b26f746,,09/13/2023 04:40:00 PM,40,NO CONTROLS,NO CONTROLS,CLEAR,DAYLIGHT,REAR END,DIVIDED - W/MEDIAN BARRIER,,STRAIGHT AND LEVEL,DRY,UNKNOWN,NOT ON SCENE (DESK REPORT),NO INJURY / DRIVE AWAY,,,,$500 OR LESS,09/13/2023 05:20:00 PM,FOLLOWING TOO CLOSELY,UNABLE TO DETERMINE,6800,S,CHICAGO SKYWAY OB,322.0,,,,,,,2,NO INDICATION OF INJURY,0.0,0.0,0.0,0.0,0.0,2.0,0.0,16,4,9,,,
23,1ee2180a89cc02c0b756f95b5b2755bb5cc9d93450f5caafaee5cb5c6aa75adafd251402ac205833ff78be9c9a0eb799f33d9c854975cf3a8e10c6a7d28116c7,,08/09/2023 07:55:00 PM,30,TRAFFIC SIGNAL,FUNCTIONING IMPROPERLY,CLEAR,DAYLIGHT,ANGLE,FOUR WAY,,STRAIGHT AND LEVEL,DRY,NO DEFECTS,ON SCENE,INJURY AND / OR TOW DUE TO CRASH,Y,,,"OVER $1,500",08/09/2023 08:00:00 PM,UNABLE TO DETERMINE,UNABLE TO DETERMINE,7458,S,LAFAYETTE AVE,731.0,,,,,,,2,NONINCAPACITATING INJURY,5.0,0.0,0.0,5.0,0.0,0.0,0.0,19,4,8,41.758245505,-87.626521907,POINT (-87.626521907009 41.758245504966)
24,4a1f7a24129e5e1d4a7a2fd44ab6f8822a20bcdb2f627f490af8975d8c14e9fadf2d7b533a09a7e8c2cc57a4b3563803d7d4eb4db3892337cf233f1f0f154013,,08/13/2023 10:10:00 AM,30,TRAFFIC SIGNAL,FUNCTIONING PROPERLY,CLEAR,DAYLIGHT,REAR END,NOT DIVIDED,,STRAIGHT AND LEVEL,DRY,NO DEFECTS,ON SCENE,NO INJURY / DRIVE AWAY,,,,"OVER $1,500",08/13/2023 10:29:00 AM,UNABLE TO DETERMINE,UNABLE TO DETERMINE,3210,W,FOSTER AVE,1712.0,,,,,,,3,NO INDICATION OF INJURY,0.0,0.0,0.0,0.0,0.0,4.0,0.0,10,1,8,41.975852858,-87.70913432,POINT (-87.709134319958 41.975852858025)
25,4502c89bb17d2a4817c517541350b1470636cc9c29e6fd47190a3399e7ed6d02ed1b3a0330d0332a4aa3c0a3003625a40ab4a4d576149634edba035b98adc95c,,02/19/2019 05:30:00 AM,20,NO CONTROLS,NO CONTROLS,CLEAR,DARKNESS,REAR END,ONE-WAY,2.0,STRAIGHT AND LEVEL,DRY,NO DEFECTS,NOT ON SCENE (DESK REPORT),NO INJURY / DRIVE AWAY,,,,"$501 - $1,500",02/19/2019 06:00:00 AM,UNABLE TO DETERMINE,UNABLE TO DETERMINE,1,W,TERMINAL ST,1651.0,,,,,,,2,NO INDICATION OF INJURY,0.0,0.0,0.0,0.0,0.0,2.0,0.0,5,3,2,,,
26,39f9bf68f766b70961a951d50a848357a078576778d3825f303eb9b3e656cd39b0659b6edc8b2b67641052f0d5ae502e2109b42876dafada4caed33b04c19eef,,09/06/2023 06:45:00 PM,30,NO CONTROLS,NO CONTROLS,CLEAR,DAYLIGHT,TURNING,DIVIDED - W/MEDIAN (NOT RAISED),,STRAIGHT AND LEVEL,DRY,NO DEFECTS,NOT ON SCENE (DESK REPORT),NO INJURY / DRIVE AWAY,,,,"OVER $1,500",09/06/2023 06:45:00 PM,UNABLE TO DETERMINE,UNABLE TO DETERMINE,1400,W,WEBSTER AVE,1811.0,,,,,,,2,NO INDICATION OF INJURY,0.0,0.0,0.0,0.0,0.0,2.0,0.0,18,4,9,41.921729807,-87.663234201,POINT (-87.663234201004 41.921729806985)
27,456dd9d9bc16f505f93bd2ef89b174348c36dadf1fdc0a77be44e5c89c2e8a89951ae15cc8dced3db2cd3bd7e4c0da27f348cc64db31231202db5cd03ed63bc6,,05/24/2021 03:35:00 PM,20,NO CONTROLS,NO CONTROLS,CLEAR,DAYLIGHT,PARKED MOTOR VEHICLE,NOT DIVIDED,,STRAIGHT AND LEVEL,DRY,NO DEFECTS,NOT ON SCENE (DESK REPORT),NO INJURY / DRIVE AWAY,,,,"OVER $1,500",05/24/2021 03:40:00 PM,UNABLE TO DETERMINE,UNABLE TO DETERMINE,517,W,OHARE ST,1654.0,,,,,,,2,NO INDICATION OF INJURY,0.0,0.0,0.0,0.0,0.0,1.0,0.0,15,2,5,,,
28,4687a6dac6873f8104f79e3979573c088464d3cb38c9174f22e14d9dc0a985f214f864c90721fe8fe4fdfa579c0d0ef3113f1c3d1826ac12677f4b92bdcbd6bf,,11/27/2022 03:15:00 PM,25,NO CONTROLS,NO CONTROLS,CLEAR,DAYLIGHT,FIXED OBJECT,OTHER,,STRAIGHT AND LEVEL,DRY,NO DEFECTS,ON SCENE,INJURY AND / OR TOW DUE TO CRASH,,,,"OVER $1,500",11/27/2022 03:25:00 PM,DRIVING SKILLS/KNOWLEDGE/EXPERIENCE,NOT APPLICABLE,1,W,TERMINAL ST,1651.0,,,,,,,1,NO INDICATION OF INJURY,0.0,0.0,0.0,0.0,0.0,3.0,0.0,15,1,11,,,
29,3afcf76e1a3205a2b95e7f45a2eed16ec18aa5a91cb0f914e097eb0bfb020c898ef94c150d3a1b62f67f5ef9247e22c7f8c6422103302f7394cab2f0aadb025c,,08/19/2023 02:55:00 PM,30,TRAFFIC SIGNAL,FUNCTIONING PROPERLY,CLEAR,DAYLIGHT,REAR END,T-INTERSECTION,,STRAIGHT AND LEVEL,UNKNOWN,UNKNOWN,ON SCENE,NO INJURY / DRIVE AWAY,Y,,,"$501 - $1,500",08/19/2023 02:58:00 PM,DRIVING SKILLS/KNOWLEDGE/EXPERIENCE,NOT APPLICABLE,800,W,GRAND AVE,1214.0,,Y,,,,,2,NO INDICATION OF INJURY,0.0,0.0,0.0,0.0,0.0,3.0,0.0,14,7,8,41.891293713,-87.647680593,POINT (-87.647680593026 41.891293712961)
30,5029e85cd1c328238ba1fb1c19ea8b8cc5614e233132bb04c39d545734ca1f7a4b163e2d371439a1faa0bb6f17b4dfe6d0ea97ddd6bc0187bd479347bc79d7ac,,07/30/2023 05:30:00 PM,30,NO CONTROLS,NO CONTROLS,CLEAR,DAYLIGHT,SIDESWIPE SAME DIRECTION,DIVIDED - W/MEDIAN BARRIER,,STRAIGHT AND LEVEL,DRY,NO DEFECTS,NOT ON SCENE (DESK REPORT),NO INJURY / DRIVE AWAY,,,Y,"OVER $1,500",07/31/2023 12:25:00 PM,IMPROPER LANE USAGE,NOT APPLICABLE,167,N,BESSIE COLEMAN DR,1654.0,,,,,,,2,NO INDICATION OF INJURY,0.0,0.0,0.0,0.0,0.0,2.0,0.0,17,1,7,,,
31,46fa1015e8c466dde2a9a5db8a3b9f6e95e84f2f06638689c46fce9bdbb8bedf2bd7cdf59d7c6cc95fa57f1c33da85c0ececc8415c9b105157d06675f9f367c6,,06/10/2019 01:20:00 PM,20,NO CONTROLS,NO CONTROLS,CLEAR,DAYLIGHT,PARKED MOTOR VEHICLE,OTHER,,STRAIGHT AND LEVEL,DRY,NO DEFECTS,ON SCENE,NO INJURY / DRIVE AWAY,,,Y,"OVER $1,500",06/10/2019 01:45:00 PM,UNABLE TO DETERMINE,NOT APPLICABLE,1,W,TERMINAL ST,1651.0,,,,,,,2,NO INDICATION OF INJURY,0.0,0.0,0.0,0.0,0.0,1.0,0.0,13,2,6,,,
32,5590930e0c8de54aff531280946aebabcdd5ce798a37bba57e348767963ab9972abc4995b39885f423f226e2898df17ffef38424e81ea9cabd20fa22fd10c9c3,,07/30/2023 12:30:00 PM,20,NO CONTROLS,NO CONTROLS,UNKNOWN,UNKNOWN,PARKED MOTOR VEHICLE,NOT DIVIDED,,STRAIGHT AND LEVEL,UNKNOWN,UNKNOWN,NOT ON SCENE (DESK REPORT),NO INJURY / DRIVE AWAY,,,,"OVER $1,500",07/30/2023 05:30:00 PM,UNABLE TO DETERMINE,NOT APPLICABLE,3741,W,FULLERTON AVE,2525.0,,,,,,,2,NO INDICATION OF INJURY,0.0,0.0,0.0,0.0,0.0,1.0,0.0,12,1,7,41.924441971,-87.721111935,POINT (-87.721111934959 41.924441970981)
33,64063a32537af636c3a234b85f6a67ecb159a34af31da51f86961959bce9cec811ae891cdf9c519c462e883749757bf53239ce9e74942d8d1e73cb81ea3dc859,,08/19/2023 04:50:00 PM,30,UNKNOWN,UNKNOWN,UNKNOWN,UNKNOWN,SIDESWIPE SAME DIRECTION,UNKNOWN,,STRAIGHT AND LEVEL,UNKNOWN,UNKNOWN,NOT ON SCENE (DESK REPORT),NO INJURY / DRIVE AWAY,,,Y,"OVER $1,500",08/19/2023 05:30:00 PM,UNABLE TO DETERMINE,NOT APPLICABLE,1100,W,DIVISION ST,1822.0,,,,,,,2,NO INDICATION OF INJURY,0.0,0.0,0.0,0.0,0.0,3.0,0.0,16,7,8,41.903639931,-87.65554697,POINT (-87.655546970003 41.903639930952)
34,8640aa03a86f10df7a8c1dafc03d1551c4a4c0262397f3ab7bccb2b62e75f94132f1f92953d980712fce89d1c374f1a30c239475c880303d9842bba5b8987775,Y,09/06/2023 11:00:00 AM,30,NO CONTROLS,NO CONTROLS,CLEAR,DAYLIGHT,SIDESWIPE SAME DIRECTION,DIVIDED - W/MEDIAN (NOT RAISED),,STRAIGHT AND LEVEL,DRY,NO DEFECTS,ON SCENE,NO INJURY / DRIVE AWAY,,,Y,"OVER $1,500",09/06/2023 11:30:00 AM,DRIVING SKILLS/KNOWLEDGE/EXPERIENCE,UNABLE TO DETERMINE,3120,N,AUSTIN AVE,2511.0,,,,,,,2,NO INDICATION OF INJURY,0.0,0.0,0.0,0.0,0.0,3.0,0.0,11,4,9,41.937252171,-87.776320528,POINT (-87.776320528037 41.937252170984)
35,888daacc1e40bb00d59ceb2a966047f99d067459fe6c908ca9491b41ad630358262c9db07be0284610abc9a5a53e8dbb394dbae1560af76f78e9ddb038190c45,,09/06/2023 12:59:00 AM,30,NO CONTROLS,NO CONTROLS,RAIN,"DARKNESS, LIGHTED ROAD",FIXED OBJECT,NOT DIVIDED,,STRAIGHT AND LEVEL,WET,UNKNOWN,ON SCENE,INJURY AND / OR TOW DUE TO CRASH,N,Y,,"$501 - $1,500",09/06/2023 12:59:00 AM,UNABLE TO DETERMINE,NOT APPLICABLE,1545,W,NORTH AVE,1433.0,,,,,,,1,NONINCAPACITATING INJURY,2.0,0.0,0.0,2.0,0.0,0.0,0.0,0,4,9,41.910530014,-87.667050586,POINT (-87.66705058601 41.910530014022)
36,6571381d9d1940b3f31ea3114fdfcb4b0892f96c7a179e79c178178f6486d9f381119339e7d922c634a5e32b9a78c40ef3ec464df4b136bd589dc5675f56298e,,07/30/2023 06:10:00 PM,45,OTHER WARNING SIGN,FUNCTIONING PROPERLY,CLEAR,DUSK,REAR END,DIVIDED - W/MEDIAN BARRIER,,STRAIGHT AND LEVEL,DRY,NO DEFECTS,ON SCENE,NO INJURY / DRIVE AWAY,,,,"$501 - $1,500",07/30/2023 06:15:00 PM,"VISION OBSCURED (SIGNS, TREE LIMBS, BUILDINGS, ETC.)",DRIVING SKILLS/KNOWLEDGE/EXPERIENCE,8801,S,CHICAGO SKYWAY IB,423.0,,,,,,,2,NO INDICATION OF INJURY,0.0,0.0,0.0,0.0,0.0,4.0,0.0,18,1,7,,,
37,66e6707a6ebdab54f418d9f4a5529f24587be9cf4258107c1b3a5e62317bf170960c5d05c5176c71e8acab60fab1c390c66ebb36c31fc8103ec2430b9d589b36,,07/30/2023 09:30:00 PM,10,NO CONTROLS,NO CONTROLS,CLEAR,"DARKNESS, LIGHTED ROAD",HEAD ON,PARKING LOT,,STRAIGHT AND LEVEL,DRY,NO DEFECTS,ON SCENE,INJURY AND / OR TOW DUE TO CRASH,,Y,,"OVER $1,500",07/30/2023 09:31:00 PM,UNABLE TO DETERMINE,UNABLE TO DETERMINE,1,W,PARKING LOT E ST,1654.0,,,,,,,2,NO INDICATION OF INJURY,0.0,0.0,0.0,0.0,0.0,2.0,0.0,21,1,7,,,
38,4a474e553cbf4d17eeb20981bf2c03572ac566cf1ba3a2577bccd731492c037135ddc516104e12e61c45617644a53353f899c835bebe5148004b6cdd902dac39,,01/30/2022 08:45:00 AM,25,NO CONTROLS,NO CONTROLS,CLEAR,DAYLIGHT,ANGLE,ONE-WAY,,CURVE ON GRADE,SNOW OR SLUSH,DEBRIS ON ROADWAY,ON SCENE,NO INJURY / DRIVE AWAY,,,,"OVER $1,500",01/30/2022 08:45:00 AM,UNABLE TO DETERMINE,WEATHER,3,W,TERMINAL ST,1653.0,,,,,,,2,NO INDICATION OF INJURY,0.0,0.0,0.0,0.0,0.0,2.0,0.0,8,1,1,,,
39,0e1483038d0d666433304ca8202ef6b63a9faf0c1a10f4119e0171d41b0340538033f95f72f00c93418581c0f2b3d8e96842fac6d05af8e006b3111ff6a06927,,09/21/2023 04:10:00 PM,25,NO CONTROLS,NO CONTROLS,RAIN,DAYLIGHT,REAR END,RAMP,,"CURVE, LEVEL",WET,NO DEFECTS,ON SCENE,INJURY AND / OR TOW DUE TO CRASH,,,,"OVER $1,500",09/21/2023 04:10:00 PM,FOLLOWING TOO CLOSELY,NOT APPLICABLE,5,W,TERMINAL ST,1655.0,,,,,,,2,"REPORTED, NOT EVIDENT",2.0,0.0,0.0,0.0,2.0,1.0,0.0,16,5,9,,,
40,9d1c64dec0bde793330324533eac9d8c2dcce168a291dd91bdea25c27b0b5cafeb973eaa24f47e79ded4c8e350bc7b3fa72a58f45eca4f58982d3c3ec3560259,,08/19/2023 12:45:00 AM,25,NO CONTROLS,NO CONTROLS,CLEAR,"DARKNESS, LIGHTED ROAD",FIXED OBJECT,ONE-WAY,,"CURVE, LEVEL",OTHER,OTHER,ON SCENE,INJURY AND / OR TOW DUE TO CRASH,,,,"OVER $1,500",08/19/2023 12:52:00 AM,ROAD ENGINEERING/SURFACE/MARKING DEFECTS,NOT APPLICABLE,98,W,I190 EXPY,1654.0,,,,,,,1,NO INDICATION OF INJURY,0.0,0.0,0.0,0.0,0.0,1.0,0.0,0,7,8,,,
41,4deea774005f687fbb7ec985695647b94663d73de3c63ed326647f95a10b30591f99e86246edbed7eff3a2d52f7ac6e621f01f5be97dfb0f5190d72fd7757eec,,12/20/2022 11:45:00 AM,30,TRAFFIC SIGNAL,FUNCTIONING PROPERLY,CLEAR,DAYLIGHT,REAR TO FRONT,FOUR WAY,,STRAIGHT AND LEVEL,DRY,NO DEFECTS,ON SCENE,NO INJURY / DRIVE AWAY,Y,,,"$501 - $1,500",12/20/2022 11:55:00 AM,IMPROPER BACKING,FAILING TO YIELD RIGHT-OF-WAY,524,W,OHARE ST,1654.0,,,,,,,2,NO INDICATION OF INJURY,0.0,0.0,0.0,0.0,0.0,2.0,0.0,11,3,12,,,
42,4e661d1348b236fc49d6f3299e61098d55a0b9506e8f54d13d223cecb17a203d5c49dd3e2b168ae15509ec4c48c4e6b2c9e5d50c4f14c6c9d41792a45bff0afc,,06/11/2019 11:00:00 AM,30,NO CONTROLS,NO CONTROLS,CLEAR,DUSK,REAR END,ONE-WAY,,STRAIGHT AND LEVEL,DRY,NO DEFECTS,ON SCENE,NO INJURY / DRIVE AWAY,,,,"OVER $1,500",06/11/2019 11:30:00 AM,NOT APPLICABLE,NOT APPLICABLE,1,W,OHARE ST,1651.0,,,,,,,2,NO INDICATION OF INJURY,0.0,0.0,0.0,0.0,0.0,2.0,0.0,11,3,6,,,
43,abef801ced512af26d8865f3a6eb17a26166d268f75cfc0945be37108e71e45369956186a46a8e21ca2def36bb2056979ea56938dd8b86fc1395fb69c877bd9c,,07/30/2023 11:58:00 AM,10,NO CONTROLS,UNKNOWN,CLEAR,DAYLIGHT,SIDESWIPE OPPOSITE DIRECTION,ALLEY,,STRAIGHT AND LEVEL,UNKNOWN,UNKNOWN,,NO INJURY / DRIVE AWAY,,,,"$501 - $1,500",07/30/2023 12:30:00 PM,UNABLE TO DETERMINE,UNABLE TO DETERMINE,5835,S,ROCKWELL ST,824.0,,,,,,,2,NO INDICATION OF INJURY,0.0,0.0,0.0,0.0,0.0,8.0,0.0,11,1,7,41.787259181,-87.688593001,POINT (-87.688593000961 41.787259180975)
44,53f6ff25f1e140636dc6368312bb51969f4a672bb30e1c50a7c71bea59925e18344babc3f75fbb30f0b1358738ee24816640021f1ba3f57ea4e529152c2b2e8f,,03/22/2019 12:15:00 PM,15,NO CONTROLS,NO CONTROLS,CLEAR,DAYLIGHT,SIDESWIPE SAME DIRECTION,OTHER,,STRAIGHT AND LEVEL,DRY,NO DEFECTS,ON SCENE,NO INJURY / DRIVE AWAY,,,,"OVER $1,500",03/22/2019 12:20:00 PM,UNABLE TO DETERMINE,UNABLE TO DETERMINE,524,W,OHARE ST,1654.0,,,,,,,2,NO INDICATION OF INJURY,0.0,0.0,0.0,0.0,0.0,2.0,0.0,12,6,3,,,
45,54f5f783c7f29f20e7900998983fa945eb13aba9c2d2eb84a3bfd1afbcbe40eed29edc768314f64858fd78b3ac5597006c91a0c26a6cf70790adbbd23a152061,,03/29/2021 02:15:00 PM,10,NO CONTROLS,NO CONTROLS,CLEAR,DAYLIGHT,PARKED MOTOR VEHICLE,OTHER,,STRAIGHT AND LEVEL,DRY,UNKNOWN,ON SCENE,NO INJURY / DRIVE AWAY,,,,"OVER $1,500",03/29/2021 02:20:00 PM,UNABLE TO DETERMINE,NOT APPLICABLE,516,W,OHARE ST,1654.0,,,,,,,2,NO INDICATION OF INJURY,0.0,0.0,0.0,0.0,0.0,1.0,0.0,14,2,3,,,
46,efbed50970bc9e00e08a187f6d026ede2cd8f1b41e9f0ef0bde88d325f4aa9bf0de6b8c8b2d1f07c8b11abfa13c8bc9dbc75824c7308090a2e6659cf2b470b97,,09/06/2023 03:48:00 PM,30,NO CONTROLS,NO CONTROLS,CLEAR,DAYLIGHT,TURNING,DIVIDED - W/MEDIAN (NOT RAISED),,STRAIGHT AND LEVEL,DRY,NO DEFECTS,ON SCENE,INJURY AND / OR TOW DUE TO CRASH,,,,"OVER $1,500",09/06/2023 03:49:00 PM,IMPROPER TURNING/NO SIGNAL,UNABLE TO DETERMINE,400,W,79TH PL,621.0,,,,,,,2,INCAPACITATING INJURY,2.0,0.0,2.0,0.0,0.0,2.0,0.0,15,4,9,41.749913202,-87.634585307,POINT (-87.634585307038 41.749913201957)
47,569af2dc0eaa9c5a55a01f1d5fd678644c3dd76d586b51f7b87b1b5c6c3cf8700b10a9fea3c98cfc8df295c8b4db1fe28c4209e34e3a021b50c56023c798d1f9,,09/18/2021 03:15:00 PM,30,NO CONTROLS,NO CONTROLS,CLEAR,DAYLIGHT,SIDESWIPE SAME DIRECTION,ONE-WAY,,STRAIGHT AND LEVEL,DRY,UNKNOWN,NOT ON SCENE (DESK REPORT),NO INJURY / DRIVE AWAY,,,,"OVER $1,500",09/18/2021 03:40:00 PM,UNABLE TO DETERMINE,UNABLE TO DETERMINE,1,W,TERMINAL ST,1651.0,,,,,,,2,NO INDICATION OF INJURY,0.0,0.0,0.0,0.0,0.0,2.0,0.0,15,7,9,,,
48,db61137bc4bb19b84665da12c4c367592e874c623f76a1159a998cf6fafa7dd225820a30a5c4dd36ff4a7147d70c85395dd9b0dfaeea511be8cc8161e8148e07,,07/30/2023 06:09:00 PM,30,NO CONTROLS,NO CONTROLS,CLEAR,DAYLIGHT,SIDESWIPE OPPOSITE DIRECTION,NOT DIVIDED,,STRAIGHT AND LEVEL,DRY,NO DEFECTS,NOT ON SCENE (DESK REPORT),INJURY AND / OR TOW DUE TO CRASH,,,,"OVER $1,500",07/30/2023 07:25:00 PM,IMPROPER LANE USAGE,FAILING TO REDUCE SPEED TO AVOID CRASH,3436,W,HURON ST,1121.0,,,,,,,3,NO INDICATION OF INJURY,0.0,0.0,0.0,0.0,0.0,2.0,0.0,18,1,7,41.893773028,-87.712756512,POINT (-87.712756512047 41.893773027997)
49,57cfcdd70be67a9d66fd973426036aa20034e0f99b695207149cc51002a8c53d7801b1860869929c065660c6f3afa874bb36eb868784218dc931993ba7cd4bf7,,08/12/2019 06:40:00 AM,20,NO CONTROLS,NO CONTROLS,CLEAR,DAYLIGHT,REAR END,NOT DIVIDED,,STRAIGHT AND LEVEL,DRY,NO DEFECTS,NOT ON SCENE (DESK REPORT),NO INJURY / DRIVE AWAY,,,,"OVER $1,500",08/12/2019 06:50:00 AM,IMPROPER BACKING,NOT APPLICABLE,561,W,OHARE ST,1654.0,,,,,,,2,NO INDICATION OF INJURY,0.0,0.0,0.0,0.0,0.0,2.0,0.0,6,2,8,,,
50,5bf5fb7b499fcc1352a12b6aa321710734296d5454a49d165bba4455d86e245a2e2f08197137ec381b30e44317bba535472931f3abb3e35483a0d71d570f9a83,,08/21/2022 02:50:00 PM,15,NO CONTROLS,NO CONTROLS,CLEAR,DAYLIGHT,REAR END,ONE-WAY,,STRAIGHT AND LEVEL,DRY,NO DEFECTS,ON SCENE,NO INJURY / DRIVE AWAY,,,,"OVER $1,500",08/21/2022 03:00:00 PM,UNABLE TO DETERMINE,NOT APPLICABLE,1,W,TERMINAL ST,1651.0,,,,,,,2,NO INDICATION OF INJURY,0.0,0.0,0.0,0.0,0.0,3.0,0.0,14,1,8,,,
51,ec332e76ccf9a73b65a38c5e680e9ff5e4657280d693112d98d7661ea06a7d5364223a5c929457f0a629559058fc19b7801c7a402c94c582fe2ca567b856fd0a,,07/30/2023 03:50:00 PM,30,TRAFFIC SIGNAL,FUNCTIONING PROPERLY,CLEAR,DAYLIGHT,REAR END,DIVIDED - W/MEDIAN (NOT RAISED),,STRAIGHT AND LEVEL,DRY,NO DEFECTS,NOT ON SCENE (DESK REPORT),NO INJURY / DRIVE AWAY,,,Y,$500 OR LESS,07/30/2023 04:10:00 PM,NOT APPLICABLE,NOT APPLICABLE,13000,S,STONY ISLAND AVE,434.0,,,,,,,2,NO INDICATION OF INJURY,0.0,0.0,0.0,0.0,0.0,2.0,0.0,15,1,7,,,
52,6424a51397f8c94bb564646ad310f28f55028d4d931bfcfa091c7e1f3692debbf97076b6a55dfd2feb7da2123cc7c8aea155fe885e483000723f2a8e0a0649d9,,09/21/2023 03:30:00 PM,25,OTHER,UNKNOWN,RAIN,DAYLIGHT,SIDESWIPE SAME DIRECTION,PARKING LOT,,STRAIGHT AND LEVEL,WET,UNKNOWN,ON SCENE,NO INJURY / DRIVE AWAY,,,Y,"$501 - $1,500",09/21/2023 03:35:00 PM,UNABLE TO DETERMINE,NOT APPLICABLE,524,W,OHARE ST,1654.0,,,,,,,2,NO INDICATION OF INJURY,0.0,0.0,0.0,0.0,0.0,2.0,0.0,15,5,9,,,
53,bec1d0a682b25064b6113d7b980a1f7ae2f587bbb4faa59e75417e1f3c0ad479f4445d46bc81c5e62879aa46971a4280cc2b7f7ec4456db4f7783b1fb2b8d4fd,,09/21/2023 08:00:00 PM,10,NO CONTROLS,NO CONTROLS,RAIN,"DARKNESS, LIGHTED ROAD",SIDESWIPE SAME DIRECTION,PARKING LOT,,STRAIGHT AND LEVEL,WET,NO DEFECTS,ON SCENE,NO INJURY / DRIVE AWAY,,Y,,"OVER $1,500",09/21/2023 09:40:00 PM,IMPROPER LANE USAGE,FAILING TO YIELD RIGHT-OF-WAY,524,W,OHARE ST,1654.0,,,,,,,2,NO INDICATION OF INJURY,0.0,0.0,0.0,0.0,0.0,2.0,0.0,20,5,9,,,
54,278a0568ac7a935630cd2d75ff7e8e2e548c69ead93d673236ceaf1fba7a55b68e2375eb2838e6c8c7494a976a47d40c1357c9cf00d9948136b65f761a88088d,,09/20/2023 02:38:00 PM,30,NO CONTROLS,NO CONTROLS,CLEAR,DAYLIGHT,ANGLE,DIVIDED - W/MEDIAN (NOT RAISED),,"CURVE, LEVEL",DRY,NO DEFECTS,ON SCENE,INJURY AND / OR TOW DUE TO CRASH,Y,,,"OVER $1,500",09/20/2023 02:39:00 PM,FAILING TO YIELD RIGHT-OF-WAY,NOT APPLICABLE,775,W,OHARE ST,1654.0,,,,,,,2,NONINCAPACITATING INJURY,1.0,0.0,0.0,1.0,0.0,1.0,0.0,14,4,9,,,
55,48a4fac22764f7385c386cef481fccf06d766e3008855e3e6105fb83c957c248f25ee3be5fd835b45592c3a33280ce019fe9f61d259e41ce94984e56e8511405,,09/15/2023 09:15:00 AM,15,NO CONTROLS,NO CONTROLS,CLEAR,DAYLIGHT,TURNING,PARKING LOT,,STRAIGHT AND LEVEL,DRY,NO DEFECTS,NOT ON SCENE (DESK REPORT),NO INJURY / DRIVE AWAY,,Y,,"$501 - $1,500",09/21/2023 05:40:00 PM,UNABLE TO DETERMINE,UNABLE TO DETERMINE,6540,S,PULASKI RD,833.0,,,,,,,2,NO INDICATION OF INJURY,0.0,0.0,0.0,0.0,0.0,2.0,0.0,9,6,9,41.773765662,-87.722781154,POINT (-87.72278115402 41.773765661984)
56,74baa333cf92eb14efef50145c5e4c7560c265745829d7851e61ca5d7f3876e208a9ea9c244c535c38711f7718c04d845300b361d7159e1feca714813b4c8b2a,,09/21/2023 09:00:00 PM,25,NO CONTROLS,NO CONTROLS,RAIN,DARKNESS,SIDESWIPE SAME DIRECTION,PARKING LOT,,STRAIGHT AND LEVEL,WET,UNKNOWN,ON SCENE,NO INJURY / DRIVE AWAY,,,Y,$500 OR LESS,09/21/2023 11:30:00 PM,NOT APPLICABLE,NOT APPLICABLE,1,W,PARKING LOT B ST,1654.0,,Y,,,,,2,NO INDICATION OF INJURY,0.0,0.0,0.0,0.0,0.0,2.0,0.0,21,5,9,,,
57,d933cc5ab49d3b7a1d1429fdcf1611a3398d13dbbde9aa645c0e7cd83378fcf665aa1b0a4d100c90be54ef6242620e0506c8205aa24c365431ee5c9687f9422d,Y,09/21/2023 08:30:00 PM,30,TRAFFIC SIGNAL,FUNCTIONING PROPERLY,CLEAR,"DARKNESS, LIGHTED ROAD",TURNING,FOUR WAY,,STRAIGHT AND LEVEL,DRY,NO DEFECTS,NOT ON SCENE (DESK REPORT),NO INJURY / DRIVE AWAY,,,Y,"$501 - $1,500",09/21/2023 09:00:00 PM,IMPROPER TURNING/NO SIGNAL,NOT APPLICABLE,162,N,BESSIE COLEMAN DR,1654.0,,,,,,,2,NO INDICATION OF INJURY,0.0,0.0,0.0,0.0,0.0,2.0,0.0,20,5,9,,,
58,5d25817796664c7dea6ce93b67e5b54a05c48622926d4cbf4b873ca1c8a4662c30701ba717fe0ccdb5bb027e5275e2402ca5a77cd1f38a74504269699d1d947e,,07/20/2019 12:25:00 PM,55,NO CONTROLS,NO CONTROLS,CLEAR,DAYLIGHT,REAR END,ONE-WAY,,STRAIGHT AND LEVEL,DRY,NO DEFECTS,ON SCENE,NO INJURY / DRIVE AWAY,,,,"OVER $1,500",07/20/2019 12:27:00 PM,FOLLOWING TOO CLOSELY,DRIVING SKILLS/KNOWLEDGE/EXPERIENCE,13,W,I190 EXPY,1654.0,,,,,,,2,NO INDICATION OF INJURY,0.0,0.0,0.0,0.0,0.0,2.0,0.0,12,7,7,,,
59,5eea7552047c0c557d192526c180631b137f96cc6ee6d7bd200953ec47de55b448fc1e94ee18251176db97e50db35a8c1876079312441d9aa6ee5b0bc453e70c,,06/27/2018 03:40:00 PM,5,OTHER,OTHER,CLEAR,DAYLIGHT,SIDESWIPE SAME DIRECTION,OTHER,,STRAIGHT AND LEVEL,DRY,NO DEFECTS,ON SCENE,NO INJURY / DRIVE AWAY,,,,"$501 - $1,500",06/27/2018 03:41:00 PM,UNABLE TO DETERMINE,UNABLE TO DETERMINE,8900,S,CHICAGO SKYWAY OB,423.0,,,,,,,2,NO INDICATION OF INJURY,0.0,0.0,0.0,0.0,0.0,2.0,0.0,15,4,6,,,
60,5f7bdd8d312f99564f9a6ad3666bca9ee6e5001d6897d20a307a911216b5288e1c0032e22e20188167633b5220669c9fafbc567ce9ed36d558d12ebcb1e1bd38,,06/22/2019 08:00:00 AM,20,TRAFFIC SIGNAL,FUNCTIONING PROPERLY,CLEAR,DAYLIGHT,REAR TO FRONT,NOT DIVIDED,,STRAIGHT AND LEVEL,DRY,NO DEFECTS,ON SCENE,NO INJURY / DRIVE AWAY,,,,"$501 - $1,500",06/22/2019 08:06:00 AM,IMPROPER BACKING,NOT APPLICABLE,10700,W,HIGGINS RD,1654.0,,,,,,,2,NO INDICATION OF INJURY,0.0,0.0,0.0,0.0,0.0,2.0,0.0,8,7,6,,,
61,5fef134f7b73bbe8421ac11d024286180861c67fa63961ad46f767406b439db9c8ed51ccba70d586cc56b6cd8f19d09c56c6926cd54ec3bef79d38eec2361c4d,,05/10/2023 09:00:00 AM,10,NO CONTROLS,NO CONTROLS,CLEAR,DAYLIGHT,PARKED MOTOR VEHICLE,PARKING LOT,,STRAIGHT AND LEVEL,DRY,UNKNOWN,ON SCENE,NO INJURY / DRIVE AWAY,,,,"OVER $1,500",05/10/2023 09:00:00 AM,UNABLE TO DETERMINE,UNABLE TO DETERMINE,504,W,OHARE ST,1654.0,,,,,,,3,NO INDICATION OF INJURY,0.0,0.0,0.0,0.0,0.0,2.0,0.0,9,4,5,,,
62,607c1cb23936ea0a4543e9b70f5d027fed596941c4c7f08543faf92bcf885b85c417dd944f9d06e857c9d1a831a1e547bb369b98dda4f26f7b0ad6f095688972,,07/13/2021 10:09:00 PM,20,NO CONTROLS,NO CONTROLS,CLEAR,"DARKNESS, LIGHTED ROAD",ANGLE,ONE-WAY,,STRAIGHT AND LEVEL,DRY,NO DEFECTS,ON SCENE,NO INJURY / DRIVE AWAY,,,,$500 OR LESS,07/13/2021 10:09:00 PM,UNABLE TO DETERMINE,NOT APPLICABLE,1,W,TERMINAL ST,1651.0,,Y,,,,,2,NO INDICATION OF INJURY,0.0,0.0,0.0,0.0,0.0,2.0,0.0,22,3,7,,,
63,dc08998c7c36e525d4dc485a34fb39bd39276a333845d6777f03acc747b2ae758d833aed410875e1337a24ce37dacb271559fcffec758cb9dc7ea8d38f151311,,08/24/2023 07:00:00 AM,30,UNKNOWN,UNKNOWN,UNKNOWN,UNKNOWN,PARKED MOTOR VEHICLE,PARKING LOT,,STRAIGHT AND LEVEL,UNKNOWN,UNKNOWN,NOT ON SCENE (DESK REPORT),NO INJURY / DRIVE AWAY,,Y,Y,"OVER $1,500",09/03/2023 03:30:00 PM,UNABLE TO DETERMINE,NOT APPLICABLE,10000,W,BALMORAL AVE,1650.0,,,,,,,2,NO INDICATION OF INJURY,0.0,0.0,0.0,0.0,0.0,1.0,0.0,7,5,8,,,
64,6129b47cd3fc88e4535e6017bce8545ea900264f0db33cd2ea1936ab78d405564bb9b5e58a2774e3374fb905e1dd0816fd433221c882996e90733c9efc71a0bc,,04/19/2023 05:20:00 PM,30,NO CONTROLS,NO CONTROLS,CLEAR,DAYLIGHT,FIXED OBJECT,PARKING LOT,,STRAIGHT AND LEVEL,DRY,UNKNOWN,ON SCENE,INJURY AND / OR TOW DUE TO CRASH,,,,"OVER $1,500",04/19/2023 06:15:00 PM,NOT APPLICABLE,NOT APPLICABLE,1,W,PARKING LOT E ST,1654.0,,,,,,,1,NO INDICATION OF INJURY,0.0,0.0,0.0,0.0,0.0,1.0,0.0,17,4,4,,,
65,3f8e900ff93ed2b4ebef4b280b6bf9f35c5b2cfc6869358f6a2aebafd27a229013311ea50782e5edea0e1d2699e596ebfc257894a23ee223864cc4408d3e252e,,08/10/2023 07:05:00 PM,25,NO CONTROLS,NO CONTROLS,CLOUDY/OVERCAST,DAYLIGHT,PEDESTRIAN,ONE-WAY,,STRAIGHT AND LEVEL,DRY,NO DEFECTS,ON SCENE,NO INJURY / DRIVE AWAY,,,,$500 OR LESS,08/10/2023 07:08:00 PM,FAILING TO YIELD RIGHT-OF-WAY,NOT APPLICABLE,5,W,TERMINAL ST,1655.0,,,,,,,2,NO INDICATION OF INJURY,0.0,0.0,0.0,0.0,0.0,2.0,0.0,19,5,8,,,
66,63a8ce06a5a1d8a51d206829580daffcbbbc42ddea868388f7db3b169c1431e5ff242018c2c7e3ed84dbef8e4b77772e449e990f27c6bb4d5e02b88c43f18030,,06/04/2018 06:42:00 PM,45,TRAFFIC SIGNAL,FUNCTIONING PROPERLY,CLEAR,DAYLIGHT,REAR END,NOT DIVIDED,,STRAIGHT AND LEVEL,DRY,NO DEFECTS,ON SCENE,NO INJURY / DRIVE AWAY,Y,,,"OVER $1,500",06/04/2018 06:43:00 PM,FOLLOWING TOO CLOSELY,NOT APPLICABLE,6299,S,LAKE SHORE DR,331.0,,,,,,,2,NO INDICATION OF INJURY,0.0,0.0,0.0,0.0,0.0,3.0,0.0,18,2,6,,,
67,704a1a6726590f98281e76f9a5ddaa86155921b82a28631a4af2c331aa4749099206886b2c42b964ae06c867aa08cb2a69b7f5b57881cf2bc8786bba6b2a7c2a,,08/14/2023 03:45:00 PM,35,NO CONTROLS,NO CONTROLS,RAIN,DAYLIGHT,TURNING,NOT DIVIDED,,STRAIGHT AND LEVEL,WET,NO DEFECTS,ON SCENE,INJURY AND / OR TOW DUE TO CRASH,,,,"OVER $1,500",08/14/2023 03:53:00 PM,IMPROPER OVERTAKING/PASSING,UNABLE TO DETERMINE,8700,S,BISHOP ST,2222.0,,,,,,,2,NO INDICATION OF INJURY,0.0,0.0,0.0,0.0,0.0,2.0,0.0,15,2,8,41.735751901,-87.659561832,POINT (-87.65956183196 41.735751900992)
68,9e5b32e27b1a7af7547d9aaa542d01bad347197ea6d33c63dd46633254b0b6b3d0ee714b0bc3d7ccbd91eb2dabed499543d6765aa392923b8bab65291c2b8ebc,,07/14/2023 12:10:00 AM,30,NO CONTROLS,NO CONTROLS,CLEAR,"DARKNESS, LIGHTED ROAD",SIDESWIPE SAME DIRECTION,DIVIDED - W/MEDIAN BARRIER,,STRAIGHT AND LEVEL,WET,NO DEFECTS,ON SCENE,NO INJURY / DRIVE AWAY,,,,"$501 - $1,500",07/14/2023 12:15:00 AM,NOT APPLICABLE,NOT APPLICABLE,162,N,BESSIE COLEMAN DR,1654.0,,,,,,,2,NO INDICATION OF INJURY,0.0,0.0,0.0,0.0,0.0,2.0,0.0,0,6,7,,,
69,63b3c9348a3b22589680c8b74db8b3510d93e6d468312efdee6df74249585b049268afd2cc4ce6521fa4e400cd5761354f3ec4b5b7d60a3dc85e7c35a6d4bde5,,03/05/2023 06:19:00 PM,25,NO CONTROLS,NO CONTROLS,CLEAR,DUSK,PEDESTRIAN,ONE-WAY,,STRAIGHT AND LEVEL,DRY,NO DEFECTS,ON SCENE,INJURY AND / OR TOW DUE TO CRASH,,,,$500 OR LESS,03/05/2023 06:21:00 PM,EQUIPMENT - VEHICLE CONDITION,UNABLE TO DETERMINE,3,W,TERMINAL ST,1653.0,,,,,,,2,NONINCAPACITATING INJURY,1.0,0.0,0.0,1.0,0.0,0.0,0.0,18,1,3,,,
70,00ae4948fdd623c8b06de786a41c7a6cc67ab2f29e54dc30500d2a3cdf4860ba51b7ce24fe8cecbee7634b74d44098570d806ac8b5acaaf11d0cff27625cf79f,,08/13/2023 06:54:00 PM,30,NO CONTROLS,NO CONTROLS,CLEAR,DUSK,TURNING,NOT DIVIDED,,STRAIGHT AND LEVEL,DRY,NO DEFECTS,NOT ON SCENE (DESK REPORT),NO INJURY / DRIVE AWAY,,,,"OVER $1,500",08/13/2023 07:30:00 PM,FAILING TO YIELD RIGHT-OF-WAY,IMPROPER TURNING/NO SIGNAL,849,S,AUSTIN BLVD,1513.0,,,,,,,2,NO INDICATION OF INJURY,0.0,0.0,0.0,0.0,0.0,3.0,0.0,18,1,8,,,
71,63f2b6b8580659584c8d57666d20b947ac4adc054a116990a7ec7bb39fd6d5c90f3fda01a27ea845b1068280d8d48b03f238dfaa98925be7d08f6d5e207902f7,,08/02/2019 08:20:00 PM,20,NO CONTROLS,NO CONTROLS,CLEAR,"DARKNESS, LIGHTED ROAD",REAR END,OTHER,,STRAIGHT AND LEVEL,DRY,NO DEFECTS,ON SCENE,NO INJURY / DRIVE AWAY,,,,"$501 - $1,500",08/02/2019 08:23:00 PM,EQUIPMENT - VEHICLE CONDITION,NOT APPLICABLE,5,W,TERMINAL ST,1655.0,,,,,,,2,NO INDICATION OF INJURY,0.0,0.0,0.0,0.0,0.0,2.0,0.0,20,6,8,,,
72,593abe272011ddae6ea81a67f2e57bc55bb816827efcde43edd35be4569fcf21e452e0b9478a1bda811a24aaa1d39ec5d7f389d1b4f1ca135417495782fa603e,,09/02/2023 09:42:00 PM,35,NO CONTROLS,NO CONTROLS,CLEAR,DAYLIGHT,SIDESWIPE SAME DIRECTION,NOT DIVIDED,,STRAIGHT AND LEVEL,UNKNOWN,UNKNOWN,NOT ON SCENE (DESK REPORT),NO INJURY / DRIVE AWAY,,,,"OVER $1,500",09/02/2023 10:50:00 PM,IMPROPER OVERTAKING/PASSING,IMPROPER OVERTAKING/PASSING,400,N,LOWER LAKE SHORE DR,1834.0,,,,,,,2,NO INDICATION OF INJURY,0.0,0.0,0.0,0.0,0.0,2.0,0.0,21,7,9,,,
73,79dc1d87219208fb8b72c958202152735890c6a7498df383fb7b531ebadca1089ec495e201eda3e195262ec4604af5eb8b91c8bab9ba5073a381dc31d99c3be6,,08/14/2023 06:14:00 PM,20,NO CONTROLS,NO CONTROLS,RAIN,DAYLIGHT,OTHER OBJECT,DIVIDED - W/MEDIAN (NOT RAISED),,STRAIGHT AND LEVEL,WET,NO DEFECTS,ON SCENE,NO INJURY / DRIVE AWAY,,,,"OVER $1,500",08/14/2023 06:14:00 PM,NOT APPLICABLE,NOT APPLICABLE,5924,N,PAULINA ST,2012.0,,,,,,,4,NO INDICATION OF INJURY,0.0,0.0,0.0,0.0,0.0,1.0,0.0,18,2,8,41.989157172,-87.671730888,POINT (-87.671730888047 41.989157172049)
74,3b3558c02e1b695ff6f79d6b4bcaf8cb220eb83d519454bcbc67c72257a6cb29cecd72ea6d2fe0dc8a6ab861fca33b45191f63d424abc17eaf6a2091d31570a4,Y,08/11/2023 10:15:00 PM,5,NO CONTROLS,NO CONTROLS,UNKNOWN,"DARKNESS, LIGHTED ROAD",PARKED MOTOR VEHICLE,PARKING LOT,,STRAIGHT AND LEVEL,UNKNOWN,NO DEFECTS,ON SCENE,NO INJURY / DRIVE AWAY,,,Y,"OVER $1,500",08/11/2023 10:30:00 PM,UNABLE TO DETERMINE,NOT APPLICABLE,1,W,PARKING LOT G ST,1654.0,,,,,,,2,NO INDICATION OF INJURY,0.0,0.0,0.0,0.0,0.0,1.0,0.0,22,6,8,,,
75,6744da82f400ea27566b1c6be4601b19ea000098d8e20aa2b2aae4468808f93f5f6e563a48c2ca9fd2b42dd7db8c61272481d0b1dbc1931ee92cb085f732e603,,11/30/2019 06:45:00 AM,55,NO CONTROLS,NO CONTROLS,RAIN,DAWN,HEAD ON,DIVIDED - W/MEDIAN BARRIER,,STRAIGHT AND LEVEL,WET,NO DEFECTS,ON SCENE,NO INJURY / DRIVE AWAY,,,Y,"OVER $1,500",11/30/2019 06:52:00 AM,UNABLE TO DETERMINE,UNABLE TO DETERMINE,3900,S,DAN RYAN LOCAL OB,925.0,,,,,,,2,NO INDICATION OF INJURY,0.0,0.0,0.0,0.0,0.0,3.0,0.0,6,7,11,,,
76,68c22fe895ca58c5c18a561b7cea52fef8fa0a45e3162c0cdcc3111fe8e84122718b5942357d4c90970d7d19315f42146aafbd6d61a2c188a733a4eecf867066,,05/15/2020 05:20:00 PM,30,NO CONTROLS,NO CONTROLS,CLEAR,DAYLIGHT,SIDESWIPE SAME DIRECTION,OTHER,,STRAIGHT AND LEVEL,DRY,NO DEFECTS,ON SCENE,NO INJURY / DRIVE AWAY,,,,$500 OR LESS,05/15/2020 05:45:00 PM,NOT APPLICABLE,NOT APPLICABLE,517,W,OHARE ST,1654.0,,,,,,,2,NO INDICATION OF INJURY,0.0,0.0,0.0,0.0,0.0,2.0,0.0,17,6,5,,,
77,02a3884249e68a0769443478ef297d0135fa7d7b498c64029296d595c562d1e28395ea53aa7325a5436aa44ab5e3dee060093f5ba7ab66658d520ded4a03d691,,07/31/2023 02:00:00 AM,35,STOP SIGN/FLASHER,NO CONTROLS,CLEAR,"DARKNESS, LIGHTED ROAD",HEAD ON,FOUR WAY,,STRAIGHT AND LEVEL,DRY,NO DEFECTS,ON SCENE,INJURY AND / OR TOW DUE TO CRASH,,,Y,"OVER $1,500",07/31/2023 02:02:00 AM,UNABLE TO DETERMINE,UNABLE TO DETERMINE,9730,S,COMMERCIAL AVE,431.0,,,,,,,2,NO INDICATION OF INJURY,0.0,0.0,0.0,0.0,0.0,2.0,0.0,2,2,7,41.718183952,-87.551164909,POINT (-87.551164909027 41.718183951986)
78,03ffabd07a8c33f2d8e2793f0a0a4f51c977467b4d7fb463b06f05dde4efa5f37a1d811d4638c95ea6e58c2a6d27c624818081674566b65494a8591cbcde6254,,07/31/2023 09:45:00 AM,15,NO CONTROLS,NO CONTROLS,CLEAR,DAYLIGHT,PARKED MOTOR VEHICLE,ONE-WAY,,STRAIGHT AND LEVEL,DRY,NO DEFECTS,ON SCENE,NO INJURY / DRIVE AWAY,,,,"OVER $1,500",07/31/2023 09:50:00 AM,FAILING TO YIELD RIGHT-OF-WAY,IMPROPER OVERTAKING/PASSING,5,W,TERMINAL ST,1655.0,,,,,,,2,NO INDICATION OF INJURY,0.0,0.0,0.0,0.0,0.0,2.0,0.0,9,2,7,,,
79,0a29b0429c4d0e851fb03dfe40f88defd8bdc352a1ee8c8471eef8b5495039ca7a3b60a55860d9cd3f35279673c7549abd91758b8123cf8650c7400f4f427bc9,,07/31/2023 08:00:00 PM,35,NO CONTROLS,NO CONTROLS,CLEAR,DAYLIGHT,PARKED MOTOR VEHICLE,ONE-WAY,,STRAIGHT AND LEVEL,DRY,NO DEFECTS,NOT ON SCENE (DESK REPORT),NO INJURY / DRIVE AWAY,,,Y,"OVER $1,500",08/01/2023 05:00:00 PM,DRIVING SKILLS/KNOWLEDGE/EXPERIENCE,NOT APPLICABLE,5857,S,SPAULDING AVE,822.0,,,,,,,2,NO INDICATION OF INJURY,0.0,0.0,0.0,0.0,0.0,1.0,0.0,20,2,7,41.78635453,-87.705652179,POINT (-87.705652179046 41.786354530043)
80,6a1b43834bda2343d731703a48d5bf5c57f8d5bccdb24c4267b2801937182d2dcccbb2e3bf2221bda41da5eba803bfa5227c7a532d864454310117f89e357b65,,02/27/2021 04:00:00 PM,15,NO CONTROLS,NO CONTROLS,CLEAR,DAYLIGHT,SIDESWIPE SAME DIRECTION,NOT DIVIDED,,STRAIGHT AND LEVEL,DRY,UNKNOWN,ON SCENE,NO INJURY / DRIVE AWAY,,,,"OVER $1,500",02/27/2021 04:00:00 PM,UNABLE TO DETERMINE,UNABLE TO DETERMINE,517,W,OHARE ST,1654.0,,,,,,,2,NO INDICATION OF INJURY,0.0,0.0,0.0,0.0,0.0,2.0,0.0,16,7,2,,,
81,71507cb4c44f4ad65de17b8e2ccbcf1337f9a31ec34c422e1df2bd6fc017f76830a6740fdb0cc9805e9e855ba26dba5b7c44bfc794fe11384b7771dcf0d9cc1b,,02/26/2023 01:26:00 AM,10,OTHER,OTHER,CLEAR,DARKNESS,REAR END,ONE-WAY,,STRAIGHT AND LEVEL,DRY,NO DEFECTS,ON SCENE,NO INJURY / DRIVE AWAY,,,,"OVER $1,500",02/26/2023 01:26:00 AM,FOLLOWING TOO CLOSELY,FOLLOWING TOO CLOSELY,8700,S,CHICAGO SKYWAY OB,412.0,,,,,,,2,NO INDICATION OF INJURY,0.0,0.0,0.0,0.0,0.0,2.0,0.0,1,1,2,,,
82,7339a540a6006e921e79fb272e450edac8f300383317255a04230ec63cabff4b5fb0fb5ce69a0e2de639581a03dbe26205405729782c89b0dc3ae66548646e48,,03/06/2023 07:15:00 PM,30,NO CONTROLS,NO CONTROLS,CLEAR,"DARKNESS, LIGHTED ROAD",PARKED MOTOR VEHICLE,OTHER,,STRAIGHT AND LEVEL,DRY,NO DEFECTS,ON SCENE,NO INJURY / DRIVE AWAY,,,Y,"$501 - $1,500",03/06/2023 07:45:00 PM,NOT APPLICABLE,NOT APPLICABLE,5,W,TERMINAL ST,1655.0,,,,,,,2,NO INDICATION OF INJURY,0.0,0.0,0.0,0.0,0.0,1.0,0.0,19,2,3,,,
83,744560c051a84af965325c9e52b8f7f2e3ced66fcdf8a46345e61921654ce4fc336292e328b526024479c63f5ed01917f2088ec7b65d5384651b272d05fb644a,,05/15/2023 04:55:00 PM,30,NO CONTROLS,NO CONTROLS,CLEAR,DAYLIGHT,PARKED MOTOR VEHICLE,ONE-WAY,,STRAIGHT AND LEVEL,DRY,NO DEFECTS,NOT ON SCENE (DESK REPORT),NO INJURY / DRIVE AWAY,,,,"OVER $1,500",05/15/2023 05:15:00 PM,UNABLE TO DETERMINE,UNABLE TO DETERMINE,2653,W,OGDEN SD,1023.0,,,,,,,2,NO INDICATION OF INJURY,0.0,0.0,0.0,0.0,0.0,2.0,0.0,16,2,5,,,
84,7951add58078fb68c9c8e6fec696389614251e3ca9b0a78d5c034250c7ab74cee56ad343f3ff9af1efc882d0e5a66f1fb0ec7de57293455e218c9b0c12763a7f,,07/31/2023 04:00:00 PM,45,OTHER,FUNCTIONING PROPERLY,CLEAR,DAYLIGHT,REAR TO FRONT,OTHER,,STRAIGHT AND LEVEL,DRY,UNKNOWN,ON SCENE,INJURY AND / OR TOW DUE TO CRASH,,,,"OVER $1,500",07/31/2023 04:30:00 PM,DRIVING SKILLS/KNOWLEDGE/EXPERIENCE,UNABLE TO DETERMINE,8801,S,CHICAGO SKYWAY IB,423.0,,,,,,,2,NONINCAPACITATING INJURY,1.0,0.0,0.0,1.0,0.0,2.0,0.0,16,2,7,,,
85,bc7ec482f6bb0e0a80ff49eee929f0e85384d3f62b8b137f6ed31f95abf070d8fa84b03d659167b77492209acbad05c7e7e8f1970b1da4965ec058b608a70e23,,09/07/2023 05:30:00 PM,30,STOP SIGN/FLASHER,FUNCTIONING PROPERLY,CLEAR,DAYLIGHT,ANGLE,FOUR WAY,,STRAIGHT AND LEVEL,DRY,NO DEFECTS,NOT ON SCENE (DESK REPORT),NO INJURY / DRIVE AWAY,Y,,,"OVER $1,500",09/08/2023 11:35:00 AM,FAILING TO YIELD RIGHT-OF-WAY,FAILING TO REDUCE SPEED TO AVOID CRASH,1400,W,WEBSTER AVE,1811.0,,,,,,,2,NO INDICATION OF INJURY,0.0,0.0,0.0,0.0,0.0,4.0,0.0,17,5,9,41.921729807,-87.663234201,POINT (-87.663234201004 41.921729806985)
86,756c0dcb1a029d3f282fe5446824773b76eaa02306c4128fbed7fc935a3a6072b66798a311dd094a649ce12e3ed284ece7f5e3ace31bce65a0d05a816f9920e3,,07/05/2023 05:35:00 PM,30,TRAFFIC SIGNAL,FUNCTIONING PROPERLY,CLEAR,DAYLIGHT,TURNING,RAMP,,CURVE ON GRADE,DRY,NO DEFECTS,ON SCENE,NO INJURY / DRIVE AWAY,,,Y,"OVER $1,500",07/05/2023 05:45:00 PM,IMPROPER TURNING/NO SIGNAL,NOT APPLICABLE,5,W,TERMINAL ST,1655.0,,,,,,,2,NO INDICATION OF INJURY,0.0,0.0,0.0,0.0,0.0,2.0,0.0,17,4,7,,,
87,d37cb0b512f2f6ee7a2da1f83e8b9b017c5f0887c92f63430cad318a9a6001ae73dcf1e2f79d1e28ceafc93d5d5accf27213640c39fb9140e136d7c5cf540bd3,,09/07/2023 08:32:00 PM,30,TRAFFIC SIGNAL,FUNCTIONING PROPERLY,CLEAR,"DARKNESS, LIGHTED ROAD",FIXED OBJECT,NOT DIVIDED,,STRAIGHT AND LEVEL,DRY,UNKNOWN,ON SCENE,NO INJURY / DRIVE AWAY,Y,,,"OVER $1,500",09/07/2023 08:32:00 PM,UNABLE TO DETERMINE,UNABLE TO DETERMINE,1198,S,LARAMIE AVE,1522.0,,,,,,,1,NO INDICATION OF INJURY,0.0,0.0,0.0,0.0,0.0,1.0,0.0,20,5,9,,,
88,a84c16b72a341682d08303ac12ec5aa9a8484ac220d61c52cd76353eb729fd73a056c03dfa40f3fe752706ddba998c044e32cb28fe2fff2efbc455e6c36dc60f,,07/31/2023 10:05:00 AM,30,NO CONTROLS,NO CONTROLS,CLEAR,DAYLIGHT,FIXED OBJECT,NOT DIVIDED,,"CURVE, LEVEL",DRY,NO DEFECTS,ON SCENE,INJURY AND / OR TOW DUE TO CRASH,,Y,,"OVER $1,500",07/31/2023 11:48:00 AM,UNABLE TO DETERMINE,UNABLE TO DETERMINE,3941,W,JAMES J OCONNOR RD,1031.0,,,,,,,1,NO INDICATION OF INJURY,0.0,0.0,0.0,0.0,0.0,1.0,0.0,10,2,7,,,
89,bde92bfca22985fc0b0354b01d1eb8b71e312ff6b171c194c2815eff8464a9f38d668035dfa1c0de668e8aa383cfbc4779447effa6c2853eef22df40426ec13a,Y,08/20/2023 07:00:00 AM,30,UNKNOWN,UNKNOWN,UNKNOWN,UNKNOWN,PARKED MOTOR VEHICLE,DRIVEWAY,,STRAIGHT AND LEVEL,UNKNOWN,UNKNOWN,NOT ON SCENE (DESK REPORT),NO INJURY / DRIVE AWAY,,,Y,"$501 - $1,500",08/20/2023 08:35:00 AM,UNABLE TO DETERMINE,NOT APPLICABLE,2749,W,64TH ST,825.0,,,,,,,2,NO INDICATION OF INJURY,0.0,0.0,0.0,0.0,0.0,1.0,0.0,7,1,8,41.777121675,-87.692925138,POINT (-87.692925138017 41.777121674979)
90,766067aec26988c86aba414d9673ea3d4d1e3c9a0cabff6cf947807450f7d3dc3c428d89c5706aaf086b72a675efc4e95820c597b9267f8a94ad1443a2912298,,06/13/2019 11:45:00 AM,20,NO CONTROLS,NO CONTROLS,CLEAR,DAYLIGHT,PARKED MOTOR VEHICLE,ONE-WAY,,STRAIGHT AND LEVEL,DRY,NO DEFECTS,ON SCENE,NO INJURY / DRIVE AWAY,,,,"OVER $1,500",06/13/2019 11:50:00 AM,IMPROPER OVERTAKING/PASSING,NOT APPLICABLE,5,W,TERMINAL ST,1655.0,,,,,,,2,NO INDICATION OF INJURY,0.0,0.0,0.0,0.0,0.0,1.0,0.0,11,5,6,,,
91,766b97b1016db28fd9ebeed8ad6af8406f60db7e80291a15f9cf8d649910eed7544c5c24db60137502da3df8bf12b5170f6f1cb6c27d151a393cd31b51bef391,,07/25/2021 06:42:00 PM,30,UNKNOWN,UNKNOWN,CLEAR,DAYLIGHT,TURNING,NOT DIVIDED,,STRAIGHT AND LEVEL,DRY,NO DEFECTS,ON SCENE,NO INJURY / DRIVE AWAY,,,,"OVER $1,500",07/25/2021 06:58:00 PM,UNABLE TO DETERMINE,UNABLE TO DETERMINE,237,W,CULLERTON ST,914.0,,,,,,,2,NO INDICATION OF INJURY,0.0,0.0,0.0,0.0,0.0,3.0,0.0,18,1,7,,,
92,d0ec570bb7a076dddf83ecc23884e58ec0625d73de48f270c932be49ee108e9f2d50a77968c6649b3def001564e9c59bb7d5a4647877173d82f8f8b5fb466acb,,08/20/2023 12:16:00 PM,10,NO CONTROLS,NO CONTROLS,CLEAR,DAYLIGHT,REAR TO FRONT,PARKING LOT,,STRAIGHT AND LEVEL,DRY,NO DEFECTS,NOT ON SCENE (DESK REPORT),NO INJURY / DRIVE AWAY,,,,"OVER $1,500",08/20/2023 01:40:00 PM,IMPROPER BACKING,NOT APPLICABLE,1454,W,47TH ST,924.0,,,,,,,2,NO INDICATION OF INJURY,0.0,0.0,0.0,0.0,0.0,3.0,0.0,12,1,8,41.808749374,-87.66230696,POINT (-87.662306960034 41.808749374011)
93,7b4709933ff6c929486bbd0345aaa4ac03d3035351dc0f8791d4e531a026f6de19f48c340b6409a2cab6dcc629f0513c8ed8c6c9d64e3763020997be4f873ebb,,12/27/2021 10:15:00 AM,35,NO CONTROLS,NO CONTROLS,RAIN,DAYLIGHT,SIDESWIPE SAME DIRECTION,ONE-WAY,,STRAIGHT AND LEVEL,WET,NO DEFECTS,ON SCENE,NO INJURY / DRIVE AWAY,,,,"$501 - $1,500",12/27/2021 10:25:00 AM,FOLLOWING TOO CLOSELY,WEATHER,3,W,TERMINAL ST,1653.0,,,,,,,2,NO INDICATION OF INJURY,0.0,0.0,0.0,0.0,0.0,2.0,0.0,10,2,12,,,
94,7d26385dd147bb290026a037d64d93023863edd2a6f06e0d0d94adab390bac3c4f23205f482e73b8a31b32531a2ebdc0f6b9ee17a2cead9053f54583d96c581c,,03/04/2020 08:50:00 AM,20,NO CONTROLS,NO CONTROLS,CLEAR,DAYLIGHT,TURNING,PARKING LOT,,STRAIGHT AND LEVEL,DRY,NO DEFECTS,ON SCENE,NO INJURY / DRIVE AWAY,,,,"OVER $1,500",03/04/2020 08:55:00 AM,UNABLE TO DETERMINE,NOT APPLICABLE,583,W,OHARE ST,1654.0,,,,,,,2,NO INDICATION OF INJURY,0.0,0.0,0.0,0.0,0.0,2.0,0.0,8,4,3,,,
95,7d4c14cc07239f005afe3e71923a4d8683909baba77dd0b559c358c6002e6c21d167a1686190874b496fb775d84c081e2e1e0c27e8dfe1c711081b74fea40d24,,08/01/2021 07:14:00 PM,10,NO CONTROLS,NO CONTROLS,CLEAR,DAYLIGHT,REAR END,PARKING LOT,,STRAIGHT AND LEVEL,DRY,NO DEFECTS,ON SCENE,NO INJURY / DRIVE AWAY,,,,"$501 - $1,500",08/01/2021 07:17:00 PM,FOLLOWING TOO CLOSELY,NOT APPLICABLE,5,W,TERMINAL ST,1655.0,,,,,,,2,NO INDICATION OF INJURY,0.0,0.0,0.0,0.0,0.0,5.0,0.0,19,1,8,,,
96,7f2bbbf0a7e0345852d0a9d841b16904e4bfa0149a8f7ecd41906d3ef0d20f947739073772ae6f52df891bab02be4f0a1be6699253b1e45c4f106129560a637d,,06/08/2019 11:35:00 PM,30,NO CONTROLS,NO CONTROLS,CLEAR,"DARKNESS, LIGHTED ROAD",PARKED MOTOR VEHICLE,NOT DIVIDED,,STRAIGHT AND LEVEL,DRY,NO DEFECTS,ON SCENE,NO INJURY / DRIVE AWAY,,,,"OVER $1,500",06/08/2019 11:39:00 PM,UNABLE TO DETERMINE,NOT APPLICABLE,1750,S,KEELER AVE,1012.0,,,,,,,2,NO INDICATION OF INJURY,0.0,0.0,0.0,0.0,0.0,7.0,0.0,23,7,6,,,
97,fe9c230df33a8c834bf81b510cd488885992b21cf1a57feec93691e4044e65da9f4f3460f32602c6205498a3571620833bbd9860450aa8514f3f3e891ab08421,,07/31/2023 01:00:00 PM,25,NO CONTROLS,NOT FUNCTIONING,CLEAR,DAYLIGHT,PARKED MOTOR VEHICLE,NOT DIVIDED,,STRAIGHT AND LEVEL,DRY,NO DEFECTS,NOT ON SCENE (DESK REPORT),NO INJURY / DRIVE AWAY,,,,"OVER $1,500",07/31/2023 01:30:00 PM,FAILING TO REDUCE SPEED TO AVOID CRASH,NOT APPLICABLE,4510,W,FULLERTON AVE,2521.0,,,,,,,2,NO INDICATION OF INJURY,0.0,0.0,0.0,0.0,0.0,1.0,0.0,13,2,7,41.924439291,-87.739490621,POINT (-87.739490621032 41.924439290993)
98,03a09ea6e112e0810f238111bd470df6070b7a96ae63b121ea039c5e6ac86b588e9e6d6edb436818a4ee47da05bd9cb772d6c868b919c13e7da38a9fec63312f,,06/10/2019 08:10:00 AM,30,NO CONTROLS,NO CONTROLS,CLEAR,DAYLIGHT,SIDESWIPE SAME DIRECTION,ONE-WAY,,"CURVE, LEVEL",DRY,NO DEFECTS,ON SCENE,NO INJURY / DRIVE AWAY,,,,$500 OR LESS,06/10/2019 08:10:00 AM,UNABLE TO DETERMINE,NOT APPLICABLE,2,W,TERMINAL ST,1652.0,,,,,,,2,NO INDICATION OF INJURY,0.0,0.0,0.0,0.0,0.0,2.0,0.0,8,2,6,,,
99,8dbde8756b6a68bc82930d5e28d54e7104e711dd42509c09bad665ee53d3f5927d61ead794b05a94896ca2fcf66faf8593b08ffcf0d8ed704fdc466028e22ed6,,09/22/2023 02:55:00 PM,25,NO CONTROLS,NO CONTROLS,CLEAR,DAYLIGHT,REAR END,OTHER,,STRAIGHT AND LEVEL,DRY,NO DEFECTS,ON SCENE,INJURY AND / OR TOW DUE TO CRASH,,,,$500 OR LESS,09/22/2023 02:59:00 PM,FOLLOWING TOO CLOSELY,DRIVING SKILLS/KNOWLEDGE/EXPERIENCE,700,W,OHARE ST,1654.0,,,,,,,2,NONINCAPACITATING INJURY,1.0,0.0,0.0,1.0,0.0,1.0,0.0,14,6,9,,,
